building,total_kwh,avg_kwh,min_kwh,max_kwh
BlockA,4883.73,6.782958333333332,2.01,11.96
BlockB,5002.31,6.947652777777778,2.0,11.99
BlockC,4946.24,6.869777777777777,2.01,12.0
